mu,theta_deg,phase_id,phase_label,ramp_configuration,ramps_up,ramps_down,n_trials,S_mu_theta,total_capacity_blocks_per_hour_median,total_capacity_blocks_per_hour_ci_lower,total_capacity_blocks_per_hour_ci_upper,per_ramp_capacity_blocks_per_hour_median,per_ramp_capacity_blocks_per_hour_ci_lower,per_ramp_capacity_blocks_per_hour_ci_upper,utilization_median,utilization_ci_lower,utilization_ci_upper,mean_corner_queue_length_median,mean_corner_queue_length_ci_lower,mean_corner_queue_length_ci_upper,waiting_probability_median,waiting_probability_ci_lower,waiting_probability_ci_upper,blocking_probability_median,blocking_probability_ci_lower,blocking_probability_ci_upper,service_time_min_median,service_time_min_ci_lower,service_time_min_ci_upper,headway_arrival_min_median,headway_arrival_min_ci_lower,headway_arrival_min_ci_upper
0.3,6,1,Phase 1,16 straight edge-ramps,12,4,10000,1.225262930002397,122.09598251525102,90.82420616904729,166.86035683270313,10.174665209604251,7.568683847420607,13.905029736058594,0.995,0.7510246648269199,0.995,108.74823914074186,1.1327187233427123,163.82414386146527,0.995,0.7510246648269199,0.995,0.29000000000000004,0.0,0.29000000000000004,4.272071955280078,3.465360616083431,5.628455471659431,3.996602982832421,3.0514003429035563,4.951704245748538
0.3,6,2,Phase 2,8 straight edge-ramps,6,2,10000,1.225262930002397,58.58809089845031,44.16165977045758,81.12060194163267,9.764681816408384,7.360276628409597,13.520100323605446,0.995,0.7749889184501785,0.995,111.89410369646194,1.3346185132172887,168.63063252139779,0.995,0.7749889184501785,0.995,0.29000000000000004,0.0,0.29000000000000004,4.412546647869416,3.565405724189714,5.7878259415670525,4.001123283976299,3.051098741740821,4.947355315118351
0.3,6,3a,Phase 3a,4 helical edge-ramps,3,1,10000,1.225262930002397,16.7040437259652,11.71505342098573,22.54016154470419,5.568014575321733,3.9050178069952435,7.513387181568064,0.995,0.995,0.995,192.2785800122594,127.35427630693788,302.30583141416736,0.995,0.995,0.995,0.29000000000000004,0.29000000000000004,0.29000000000000004,7.650842042499014,5.669879510383976,10.909041170055007,3.9943754799125037,3.0475231156120692,4.947522944009457
0.3,6,3b,Phase 3b,2 helical edge-ramps,2,0,10000,1.225262930002397,10.916621563320703,7.755319165482707,14.762570201137448,5.4583107816603516,3.8776595827413534,7.381285100568724,0.995,0.995,0.995,195.4870997319852,130.47109316385507,306.19580601993755,0.995,0.995,0.995,0.29000000000000004,0.29000000000000004,0.29000000000000004,7.804612421974809,5.77135276881371,10.98600824209307,3.9887940137676328,3.046055588260179,4.944567154168854
0.3,6,3c,Phase 3c,1 helical edge-ramp,1,0,10000,1.225262930002397,3.9579674639850433,2.5376254373909366,5.665713526369142,3.9579674639850433,2.5376254373909366,5.665713526369142,0.995,0.995,0.995,271.22640592105597,172.36751629476308,454.34197784609927,0.995,0.995,0.995,0.29000000000000004,0.29000000000000004,0.29000000000000004,10.763100132842066,7.518911765539924,16.78734748632039,4.000521141529004,3.0511998170437318,4.9533247740149395
0.3,7,1,Phase 1,16 straight edge-ramps,12,4,10000,1.2761977980616004,116.0311548366251,87.19928300680014,160.29387998508108,9.669262903052092,7.266606917233345,13.357823332090089,0.995,0.7822451818894018,0.995,113.26896451051496,1.4050378551885452,170.63440551891975,0.995,0.7822451818894018,0.995,0.29000000000000004,0.0,0.29000000000000004,4.4496643854870275,3.6094176029029246,5.8624335263333895,3.996602982832421,3.0514003429035563,4.951704245748538
0.3,7,2,Phase 2,8 straight edge-ramps,6,2,10000,1.2761977980616004,55.842387268780705,42.39910515933052,78.25491427151485,9.307064544796784,7.066517526555085,13.042485711919142,0.995,0.8072056429931525,0.995,116.54560442240896,1.689834412131879,175.6407026115788,0.995,0.8072056429931525,0.995,0.29000000000000004,0.0,0.29000000000000004,4.595978689932314,3.7136216423345454,6.028429116171197,4.001123283976299,3.051098741740821,4.947355315118351
0.3,7,3a,Phase 3a,4 helical edge-ramps,3,1,10000,1.2761977980616004,16.27398977561016,11.490425623542526,21.91458822616039,5.424663258536721,3.8301418745141755,7.304862742053464,0.995,0.995,0.995,197.1978621757725,130.89425377273585,309.5776721532938,0.995,0.995,0.995,0.29000000000000004,0.29000000000000004,0.29000000000000004,7.8530220163133055,5.831731754686214,11.12230340177089,3.9943754799125037,3.0475231156120692,4.947522944009457
0.3,7,3b,Phase 3b,2 helical edge-ramps,2,0,10000,1.2761977980616004,10.637601145511177,7.598203659067756,14.33793290709782,5.318800572755588,3.799101829533878,7.16896645354891,0.995,0.995,0.995,200.60213214560724,134.230717416309,313.3552550759555,0.995,0.995,0.995,0.29000000000000004,0.29000000000000004,0.29000000000000004,8.009324549564615,5.942279166415691,11.21317667330928,3.9887940137676328,3.046055588260179,4.944567154168854
0.3,7,3c,Phase 3c,1 helical edge-ramp,1,0,10000,1.2761977980616004,3.8829623286118187,2.5081048562915536,5.531159983274013,3.8829623286118187,2.5081048562915536,5.531159983274013,0.995,0.995,0.995,276.7333419411931,176.31475713763706,460.8998142187642,0.995,0.995,0.995,0.29000000000000004,0.29000000000000004,0.29000000000000004,10.971005226366662,7.701820280380692,16.984936009044763,4.000521141529004,3.0511998170437318,4.9533247740149395
0.3,8,1,Phase 1,16 straight edge-ramps,12,4,10000,1.3267439239087087,110.93931043110136,83.87717551249621,154.1423604785096,9.244942535925112,6.98976462604135,12.845196706542467,0.995,0.8132274194917013,0.995,117.75518705643711,1.7704387734435822,177.39269028348062,0.995,0.8132274194917013,0.995,0.29000000000000004,0.0,0.29000000000000004,4.6259014048172915,3.7523751261553606,6.094625826964557,3.996602982832421,3.0514003429035563,4.951704245748538
0.3,8,2,Phase 2,8 straight edge-ramps,6,2,10000,1.3267439239087087,53.57559475969576,40.78378929726536,75.1359648751106,8.929265793282628,6.797298216210892,12.522660812518435,0.995,0.8391764848776943,0.995,121.1616042282463,2.1894104559698264,182.5972708422747,0.995,0.8391764848776943,0.995,0.29000000000000004,0.0,0.29000000000000004,4.778010752364013,3.860706355352461,6.267195972867853,4.001123283976299,3.051098741740821,4.947355315118351
0.3,8,3a,Phase 3a,4 helical edge-ramps,3,1,10000,1.3267439239087087,15.881616451591132,11.260009744876815,21.30935613842379,5.293872150530377,3.753336581625605,7.10311871280793,0.995,0.995,0.995,202.29353530908304,134.56842502158852,316.1807714118635,0.995,0.995,0.995,0.29000000000000004,0.29000000000000004,0.29000000000000004,8.047039820871273,5.997365625247496,11.34990145721908,3.9943754799125037,3.0475231156120692,4.947522944009457
0.3,8,3b,Phase 3b,2 helical edge-ramps,2,0,10000,1.3267439239087087,10.377922245542953,7.443282834904824,13.943369994447522,5.1889611227714765,3.721641417452412,6.971684997223761,0.995,0.995,0.995,205.72153519771422,138.1596289499012,320.2480196708358,0.995,0.995,0.995,0.29000000000000004,0.29000000000000004,0.29000000000000004,8.209735821657173,6.110431101949891,11.44656222605955,3.9887940137676328,3.046055588260179,4.944567154168854
0.3,8,3c,Phase 3c,1 helical edge-ramp,1,0,10000,1.3267439239087087,3.8101198489424473,2.475801384233628,5.403564397700086,3.8101198489424473,2.475801384233628,5.403564397700086,0.995,0.995,0.995,281.9181367546706,180.20651827147626,466.7801635292758,0.995,0.995,0.995,0.29000000000000004,0.29000000000000004,0.29000000000000004,11.180750658347495,7.88368507827165,17.206549877754682,4.000521141529004,3.0511998170437318,4.9533247740149395
0.15,6,1,Phase 1,16 straight edge-ramps,12,4,10000,0.7715786100154032,172.76855647106137,144.88319985326413,232.20219952804263,14.39737970592178,12.07359998777201,19.35018329400355,0.6882560505623336,0.4729389527628207,0.995,0.7597523485345627,0.2121872354733537,103.16414714949839,0.6882560505623336,0.4729389527628207,0.995,0.0,0.0,0.29000000000000004,2.6902302031894,2.18222396343497,3.544378714981672,3.996602982832421,3.0514003429035563,4.951704245748538
0.15,6,2,Phase 2,8 straight edge-ramps,6,2,10000,0.7715786100154032,85.43717033471714,72.04126520867922,115.04023099686029,14.239528389119524,12.00687753477987,19.173371832810048,0.7081658930740988,0.488029840643232,0.995,0.8592192471973974,0.2326045059858911,106.19091287338937,0.7081658930740988,0.488029840643232,0.995,0.0,0.0,0.29000000000000004,2.778690618824606,2.24522486190444,3.644738272622565,4.001123283976299,3.051098741740821,4.947355315118351
0.15,6,3a,Phase 3a,4 helical edge-ramps,3,1,10000,0.7715786100154032,21.7956795899589,14.229375252151902,32.261148126469486,7.265226529986301,4.743125084050634,10.753716042156496,0.995,0.9471547798035783,0.995,147.74871616807428,8.488016296923378,245.72235142969893,0.995,0.9471547798035783,0.995,0.29000000000000004,0.1943095596071566,0.29000000000000004,5.863547382181646,4.159781380169625,8.981420482848229,3.9943754799125037,3.0475231156120692,4.947522944009457
0.15,6,3b,Phase 3b,2 helical edge-ramps,2,0,10000,0.7715786100154032,14.31588114155084,9.486188859618998,20.839852999114754,7.15794057077542,4.743094429809499,10.419926499557377,0.995,0.9730081003501624,0.995,150.0409637593939,17.537583656148517,246.170213889178,0.995,0.9730081003501624,0.995,0.29000000000000004,0.24601620070032473,0.29000000000000004,5.9514324796073685,4.248691507975203,8.981478365941708,3.9887940137676328,3.046055588260179,4.944567154168854
0.15,6,3c,Phase 3c,1 helical edge-ramp,1,0,10000,0.7715786100154032,4.795487759875094,2.876232375420706,7.263308831978674,4.795487759875094,2.876232375420706,7.263308831978674,0.995,0.995,0.995,224.3163647872131,134.92456241281818,396.96904754931774,0.995,0.995,0.995,0.29000000000000004,0.29000000000000004,0.29000000000000004,8.883350796209253,5.865095532580059,14.811042612125096,4.000521141529004,3.0511998170437318,4.9533247740149395
0.15,7,1,Phase 1,16 straight edge-ramps,12,4,10000,0.8234147794470601,168.21938695320728,138.57875835274984,229.06929615053537,14.018282246100606,11.548229862729153,19.089108012544614,0.734494446477171,0.5047119223190328,0.995,1.015952569592295,0.2571575372579655,110.0949175745715,0.734494446477171,0.5047119223190328,0.995,0.0,0.0,0.29000000000000004,2.870965162417861,2.3288300637572417,3.782497052134747,3.996602982832421,3.0514003429035563,4.951704245748538
0.15,7,2,Phase 2,8 straight edge-ramps,6,2,10000,0.8234147794470601,82.91811448448898,66.84530947233188,112.97609582122384,13.81968574741483,11.140884912055311,18.829349303537306,0.7557418713900048,0.5208166457450246,0.995,1.169143950610956,0.2830336078058272,113.32502737624924,0.7557418713900048,0.5208166457450246,0.995,0.0,0.0,0.29000000000000004,2.9653685228591318,2.396063486567096,3.889598962358295,4.001123283976299,3.051098741740821,4.947355315118351
0.15,7,3a,Phase 3a,4 helical edge-ramps,3,1,10000,0.8234147794470601,21.067083750583596,13.910963093262248,30.36841314883956,7.022361250194532,4.636987697754083,10.12280438294652,0.995,0.9857811837209716,0.995,152.96741101550867,34.17268799166142,252.36427879602314,0.995,0.9857811837209716,0.995,0.29000000000000004,0.2715623674419431,0.29000000000000004,6.066335594899671,4.343324803267803,9.186998785600462,3.9943754799125037,3.0475231156120692,4.947522944009457
0.15,7,3b,Phase 3b,2 helical edge-ramps,2,0,10000,0.8234147794470601,13.834826827040764,9.248903420455724,19.626707143278868,6.917413413520382,4.624451710227862,9.813353571639434,0.995,0.995,0.995,155.38470934465448,100.71713438092593,252.72325197796806,0.995,0.995,0.995,0.29000000000000004,0.29000000000000004,0.29000000000000004,6.158371265899364,4.425591825376717,9.211902916436037,3.9887940137676328,3.046055588260179,4.944567154168854
0.15,7,3c,Phase 3c,1 helical edge-ramp,1,0,10000,0.8234147794470601,4.679774505727535,2.831092076977698,7.032847007117681,4.679774505727535,2.831092076977698,7.032847007117681,0.995,0.995,0.995,229.644394637678,139.0767587014255,402.911097329412,0.995,0.995,0.995,0.29000000000000004,0.29000000000000004,0.29000000000000004,9.103002713528625,6.057290934518029,15.047197317802906,4.000521141529004,3.0511998170437318,4.9533247740149395
0.15,8,1,Phase 1,16 straight edge-ramps,12,4,10000,0.8750001287602994,163.732181878808,129.431970153652,223.70438314183207,13.644348489900668,10.785997512804334,18.64203192848601,0.780509108268404,0.5363311517344526,0.995,1.3877443261664006,0.3101902418710493,116.992152021238,0.780509108268404,0.5363311517344526,0.995,0.0,0.0,0.29000000000000004,3.0508255978461856,2.4747267798822095,4.01946320404387,3.996602982832421,3.0514003429035563,4.951704245748538
0.15,8,2,Phase 2,8 straight edge-ramps,6,2,10000,0.8750001287602994,80.42818342664854,62.432674313336264,110.37452814568609,13.404697237774759,10.405445718889377,18.395754690947683,0.8030876434108494,0.5534448050512593,0.995,1.6376571341650346,0.3429600270218526,120.42462197796608,0.8030876434108494,0.5534448050512593,0.995,0.0,0.0,0.29000000000000004,3.1511431469154245,2.5461722470805555,4.1332748425707,4.001123283976299,3.051098741740821,4.947355315118351
0.15,8,3a,Phase 3a,4 helical edge-ramps,3,1,10000,0.8750001287602994,20.385800120802156,13.590802806678353,28.72960876586871,6.795266706934052,4.530267602226118,9.57653625528957,0.995,0.995,0.995,158.03850909311168,101.77460194994019,258.7191020768349,0.995,0.995,0.995,0.29000000000000004,0.29000000000000004,0.29000000000000004,6.269069616376591,4.5098831637189205,9.403418472103954,3.9943754799125037,3.0475231156120692,4.947522944009457
0.15,8,3b,Phase 3b,2 helical edge-ramps,2,0,10000,0.8750001287602994,13.375148919505577,9.024407535980856,18.642399745873508,6.687574459752788,4.512203767990428,9.321199872936754,0.995,0.995,0.995,160.49583437339322,104.64339671272353,259.2157521269459,0.995,0.995,0.995,0.29000000000000004,0.29000000000000004,0.29000000000000004,6.370022537065151,4.602292084931163,9.441063036794258,3.9887940137676328,3.046055588260179,4.944567154168854
0.15,8,3c,Phase 3c,1 helical edge-ramp,1,0,10000,0.8750001287602994,4.569628677101364,2.7889813501893705,6.8220560094147595,4.569628677101364,2.7889813501893705,6.8220560094147595,0.995,0.995,0.995,235.0839103730489,143.41954036250968,409.6834778789106,0.995,0.995,0.995,0.29000000000000004,0.29000000000000004,0.29000000000000004,9.322420504173621,6.244451816342564,15.274393999752082,4.000521141529004,3.0511998170437318,4.9533247740149395
